{
  "dependencies": {
    "mssql1": {
      "type": "mssql.local",
      "connectionId": "ConnectionStrings:BeautifyMeDbContextConnection"
    },
    "secrets1": {
      "type": "secrets.user"
    },
    "mssql2": {
      "serviceConnectorResourceId": "/subscriptions/[parameters('subscriptionId')]/resourceGroups/[parameters('resourceGroupName')]/providers/Microsoft.ServiceLinker/locations/eastus/connectors/ConnectionStringsBeautifyMeDbContextConn_673C842179",
      "secretStore": "LocalSecretsFile",
      "resourceId": "/subscriptions/[parameters('subscriptionId')]/resourceGroups/[parameters('resourceGroupName')]/providers/Microsoft.Sql/servers/beautifymedbserver/databases/BeautifyMedb",
      "type": "mssql.azure",
      "connectionId": "ConnectionStrings:BeautifyMeDbContextConnectionProd"
    }
  }
}